<?xml version="1.0" encoding="UTF-8"?>
<!DOCTYPE mapper PUBLIC "-//mybatis.org//DTD Mapper 3.0//EN" "http://mybatis.org/dtd/mybatis-3-mapper.dtd">
<mapper namespace="com.ssafy.happyhouse.model.mapper.BoardMapper">

	<select id="selectOne" parameterType="int"
		resultType="com.ssafy.happyhouse.model.dto.BoardDto">
		SELECT
		BNO, BWRITER, BTITLE, BCONTENT, BREAD_COUNT,BWRITE_DATE
		FROM
		BOARD_TB WHERE BNO=#{bno}
	</select>

	<select id="selectList"
		resultType="com.ssafy.happyhouse.model.dto.BoardDto">
		SELECT
		*
		FROM
		BOARD_TB ORDER BY BNO DESC LIMIT #{start},#{count}
	</select>

	<select id="searchList"
		resultType="com.ssafy.happyhouse.model.dto.BoardDto">
		SELECT
		*
		FROM BOARD_TB
		WHERE BTITLE LIKE CONCAT('%',#{keyword},'%')
		ORDER BY BNO DESC LIMIT #{start},#{count}
	</select>

	<select id="selectTotalCount" resultType="int">
		SELECT COUNT(*) FROM BOARD_TB
	</select>

	<select id="selectSearchCount" resultType="int">
		SELECT COUNT(*) FROM BOARD_TB WHERE BTITLE LIKE CONCAT('%',#{keyword},'%') 
	</select>

	<update id="updateReadCount" parameterType="int">
		UPDATE
		BOARD_TB
		SET
		BREAD_COUNT=BREAD_COUNT+1
		WHERE BNO=#{bno}
	</update>

	<insert id="insertBoard"
		parameterType="com.ssafy.happyhouse.model.dto.BoardDto"
		useGeneratedKeys="true" keyProperty="bno">
		INSERT INTO
		BOARD_TB(BWRITER, BTITLE, BCONTENT, BREAD_COUNT, BWRITE_DATE)
		VALUES(#{bwriter},#{btitle},#{bcontent},0,now())
	</insert>

	<update id="updateBoard" parameterType="com.ssafy.happyhouse.model.dto.BoardDto">
		UPDATE BOARD_TB
		SET BTITLE = #{btitle},
		BCONTENT = #{bcontent},
		BWRITE_DATE = now()
		WHERE BNO = #{bno}
	</update>

	<!-- 게시글 삭제 -->
	<delete id="deleteBoard" parameterType="int">
		DELETE
		FROM BOARD_TB
		WHERE BNO = #{bno}
	</delete>

	<sql id="sss">
		BNO, BWRITER, BTITLE, BCONTENT,
		BREAD_COUNT as 'breadCount',
		BWRITE_DATE as 'bwriteDate'
	</sql>

</mapper>