<?xml version="1.0" encoding="UTF-8"?>
<!DOCTYPE mapper PUBLIC "-//mybatis.org//DTD Mapper 3.0//EN" "http://mybatis.org/dtd/mybatis-3-mapper.dtd">
<mapper namespace="com.ssafy.happyhouse.model.mapper.HouseMapMapper">
	<select id="getSido" resultType="com.ssafy.happyhouse.model.dto.SidoGugunCodeDto">
		select left(sidoCode,2) sidoCode, sidoName
		from sidocode
		order by sidoCode
	</select>
	
	<select id="getSidoName" parameterType="string" resultType="com.ssafy.happyhouse.model.dto.SidoGugunCodeDto">
		select sidoName from sidocode where sidoCode like CONCAT(#{sido},'%') 
	</select>
	
	<select id="getGugunInSido" parameterType="string" resultType="com.ssafy.happyhouse.model.dto.SidoGugunCodeDto">
		select left(gugunCode,5) gugunCode, gugunName
		from guguncode
		where left(gugunCode,2) = #{sido}
		order by gugunCode
	</select>
	
	<select id="getGugunName" parameterType="string" resultType="com.ssafy.happyhouse.model.dto.SidoGugunCodeDto">
		select gugunName from guguncode where gugunCode like CONCAT(#{gugun},'%') 
	</select>
	
	<select id="getDongInGugun" parameterType="string" resultType="com.ssafy.happyhouse.model.dto.HouseInfoDto">
		select distinct dongName, dongCode
		from houseinfo
		where left(dongCode, 5) = #{gugun}
		order by dongName
	</select>
	
	<select id="getAptInDong" parameterType="string" resultType="com.ssafy.happyhouse.model.dto.HouseInfoDto">
		select h.aptCode, h.aptName, h.buildyear, h.dongCode, h.dongName, h.jibun, h.lat, h.lng, si.sidoname, gu.gugunname,
				(select dealAmount from housedeal where aptCode = h.aptCode and no = (select max(no) from housedeal where aptCode = h.aptCode)) recentPrice
		from houseinfo h
		left join sidocode si
		on left(h.dongcode,2) = left(si.sidocode,2)
		left join guguncode gu
		on left(h.dongcode,5) = left(gu.guguncode,5)
		where dongCode = #{dong} 
		order by aptName
	</select>

</mapper>